BOYA,COMPOSICIÓN,SENSOR,TEMPERATURA,FECHA DEL PRODUCTO
SAC:Salina Cruz,m-nsst,ghrsst,24.4916114807129,1985-01-01T00:00:00-06:00
SAC:Salina Cruz,m-nsst,ghrsst,26.3160743713379,1985-02-01T00:00:00-06:00
SAC:Salina Cruz,m-nsst,ghrsst,25.8064498901367,1985-03-01T00:00:00-06:00
SAC:Salina Cruz,m-nsst,ghrsst,26.344331741333,1985-04-01T00:00:00-06:00
SAC:Salina Cruz,m-nsst,ghrsst,28.3909664154053,1985-05-01T00:00:00-06:00
SAC:Salina Cruz,m-nsst,ghrsst,29.4510021209717,1985-06-01T00:00:00-06:00
SAC:Salina Cruz,m-nsst,ghrsst,29.2506465911865,1985-07-01T00:00:00-06:00
SAC:Salina Cruz,m-nsst,ghrsst,28.88645362854,1985-08-01T00:00:00-06:00
SAC:Salina Cruz,m-nsst,ghrsst,29.0536708831787,1985-09-01T00:00:00-06:00
SAC:Salina Cruz,m-nsst,ghrsst,29.2209701538086,1985-10-01T00:00:00-06:00
SAC:Salina Cruz,m-nsst,ghrsst,27.8053340911865,1985-11-01T00:00:00-06:00
SAC:Salina Cruz,m-nsst,ghrsst,26.5596752166748,1985-12-01T00:00:00-06:00
SAC:Salina Cruz,m-nsst,ghrsst,25.5451641082764,1986-01-01T00:00:00-06:00
SAC:Salina Cruz,m-nsst,ghrsst,26.6396446228027,1986-02-01T00:00:00-06:00
SAC:Salina Cruz,m-nsst,ghrsst,26.246129989624,1986-03-01T00:00:00-06:00
SAC:Salina Cruz,m-nsst,ghrsst,26.6909999847412,1986-04-01T00:00:00-06:00
SAC:Salina Cruz,m-nsst,ghrsst,28.4438705444336,1986-05-01T00:00:00-06:00
SAC:Salina Cruz,m-nsst,ghrsst,28.3046627044678,1986-06-01T00:00:00-06:00
SAC:Salina Cruz,m-nsst,ghrsst,28.7677421569824,1986-07-01T00:00:00-06:00
SAC:Salina Cruz,m-nsst,ghrsst,29.001293182373,1986-08-01T00:00:00-06:00
SAC:Salina Cruz,m-nsst,ghrsst,28.844331741333,1986-09-01T00:00:00-06:00
SAC:Salina Cruz,m-nsst,ghrsst,28.8719367980957,1986-10-01T00:00:00-06:00
SAC:Salina Cruz,m-nsst,ghrsst,27.9713325500488,1986-11-01T00:00:00-06:00
SAC:Salina Cruz,m-nsst,ghrsst,26.6596736907959,1986-12-01T00:00:00-06:00
SAC:Salina Cruz,m-nsst,ghrsst,25.248706817627,1987-01-01T00:00:00-06:00
SAC:Salina Cruz,m-nsst,ghrsst,25.6814289093018,1987-02-01T00:00:00-06:00
SAC:Salina Cruz,m-nsst,ghrsst,26.7509651184082,1987-03-01T00:00:00-06:00
SAC:Salina Cruz,m-nsst,ghrsst,26.8600044250488,1987-04-01T00:00:00-06:00
SAC:Salina Cruz,m-nsst,ghrsst,28.3638744354248,1987-05-01T00:00:00-06:00
SAC:Salina Cruz,m-nsst,ghrsst,29.6096668243408,1987-06-01T00:00:00-06:00
SAC:Salina Cruz,m-nsst,ghrsst,29.7861270904541,1987-07-01T00:00:00-06:00
SAC:Salina Cruz,m-nsst,ghrsst,29.6003265380859,1987-08-01T00:00:00-06:00
SAC:Salina Cruz,m-nsst,ghrsst,29.7740039825439,1987-09-01T00:00:00-06:00
SAC:Salina Cruz,m-nsst,ghrsst,28.0354843139648,1987-10-01T00:00:00-06:00
SAC:Salina Cruz,m-nsst,ghrsst,26.3793315887451,1987-11-01T00:00:00-06:00
SAC:Salina Cruz,m-nsst,ghrsst,27.0306415557861,1987-12-01T00:00:00-06:00
SAC:Salina Cruz,m-nsst,ghrsst,26.0574226379395,1988-01-01T00:00:00-06:00
SAC:Salina Cruz,m-nsst,ghrsst,25.5858592987061,1988-02-01T00:00:00-06:00
SAC:Salina Cruz,m-nsst,ghrsst,25.7171001434326,1988-03-01T00:00:00-06:00
SAC:Salina Cruz,m-nsst,ghrsst,26.939001083374,1988-04-01T00:00:00-06:00
SAC:Salina Cruz,m-nsst,ghrsst,28.0070972442627,1988-05-01T00:00:00-06:00
SAC:Salina Cruz,m-nsst,ghrsst,29.3863334655762,1988-06-01T00:00:00-06:00
SAC:Salina Cruz,m-nsst,ghrsst,29.1467761993408,1988-07-01T00:00:00-06:00
SAC:Salina Cruz,m-nsst,ghrsst,29.1338691711426,1988-08-01T00:00:00-06:00
SAC:Salina Cruz,m-nsst,ghrsst,28.6480007171631,1988-09-01T00:00:00-06:00
SAC:Salina Cruz,m-nsst,ghrsst,27.7141952514648,1988-10-01T00:00:00-06:00
SAC:Salina Cruz,m-nsst,ghrsst,27.0736694335938,1988-11-01T00:00:00-06:00
SAC:Salina Cruz,m-nsst,ghrsst,25.889030456543,1988-12-01T00:00:00-06:00
SAC:Salina Cruz,m-nsst,ghrsst,25.6664562225342,1989-01-01T00:00:00-06:00
SAC:Salina Cruz,m-nsst,ghrsst,26.1403560638428,1989-02-01T00:00:00-06:00
SAC:Salina Cruz,m-nsst,ghrsst,25.5454864501953,1989-03-01T00:00:00-06:00
SAC:Salina Cruz,m-nsst,ghrsst,26.5300006866455,1989-04-01T00:00:00-06:00
SAC:Salina Cruz,m-nsst,ghrsst,28.9583854675293,1989-05-01T00:00:00-06:00
SAC:Salina Cruz,m-nsst,ghrsst,29.5289974212646,1989-06-01T00:00:00-06:00
SAC:Salina Cruz,m-nsst,ghrsst,29.1619358062744,1989-07-01T00:00:00-06:00
SAC:Salina Cruz,m-nsst,ghrsst,29.3416118621826,1989-08-01T00:00:00-06:00
SAC:Salina Cruz,m-nsst,ghrsst,29.3553333282471,1989-09-01T00:00:00-06:00
SAC:Salina Cruz,m-nsst,ghrsst,27.9080677032471,1989-10-01T00:00:00-06:00
SAC:Salina Cruz,m-nsst,ghrsst,27.4616661071777,1989-11-01T00:00:00-06:00
SAC:Salina Cruz,m-nsst,ghrsst,25.9241924285889,1989-12-01T00:00:00-06:00
SAC:Salina Cruz,m-nsst,ghrsst,25.7706489562988,1990-01-01T00:00:00-06:00
SAC:Salina Cruz,m-nsst,ghrsst,25.9689292907715,1990-02-01T00:00:00-06:00
SAC:Salina Cruz,m-nsst,ghrsst,26.6758060455322,1990-03-01T00:00:00-06:00
SAC:Salina Cruz,m-nsst,ghrsst,27.7736644744873,1990-04-01T00:00:00-06:00
SAC:Salina Cruz,m-nsst,ghrsst,29.867094039917,1990-05-01T00:00:00-06:00
SAC:Salina Cruz,m-nsst,ghrsst,29.1673278808594,1990-06-01T00:00:00-06:00
SAC:Salina Cruz,m-nsst,ghrsst,29.2525787353516,1990-07-01T00:00:00-06:00
SAC:Salina Cruz,m-nsst,ghrsst,29.2383880615234,1990-08-01T00:00:00-06:00
SAC:Salina Cruz,m-nsst,ghrsst,29.1776676177979,1990-09-01T00:00:00-06:00
SAC:Salina Cruz,m-nsst,ghrsst,29.1383876800537,1990-10-01T00:00:00-06:00
SAC:Salina Cruz,m-nsst,ghrsst,27.9286670684814,1990-11-01T00:00:00-06:00
SAC:Salina Cruz,m-nsst,ghrsst,26.9606437683105,1990-12-01T00:00:00-06:00
SAC:Salina Cruz,m-nsst,ghrsst,26.1928997039795,1991-01-01T00:00:00-06:00
SAC:Salina Cruz,m-nsst,ghrsst,25.5492877960205,1991-02-01T00:00:00-06:00
SAC:Salina Cruz,m-nsst,ghrsst,26.4719352722168,1991-03-01T00:00:00-06:00
SAC:Salina Cruz,m-nsst,ghrsst,27.8516712188721,1991-04-01T00:00:00-06:00
SAC:Salina Cruz,m-nsst,ghrsst,29.2645168304443,1991-05-01T00:00:00-06:00
SAC:Salina Cruz,m-nsst,ghrsst,30.4806690216064,1991-06-01T00:00:00-06:00
SAC:Salina Cruz,m-nsst,ghrsst,29.5858039855957,1991-07-01T00:00:00-06:00
SAC:Salina Cruz,m-nsst,ghrsst,29.6977443695068,1991-08-01T00:00:00-06:00
SAC:Salina Cruz,m-nsst,ghrsst,29.4356670379639,1991-09-01T00:00:00-06:00
SAC:Salina Cruz,m-nsst,ghrsst,28.6567726135254,1991-10-01T00:00:00-06:00
SAC:Salina Cruz,m-nsst,ghrsst,27.0953350067139,1991-11-01T00:00:00-06:00
SAC:Salina Cruz,m-nsst,ghrsst,26.7996788024902,1991-12-01T00:00:00-06:00
SAC:Salina Cruz,m-nsst,ghrsst,25.9561290740967,1992-01-01T00:00:00-06:00
SAC:Salina Cruz,m-nsst,ghrsst,26.1579322814941,1992-02-01T00:00:00-06:00
SAC:Salina Cruz,m-nsst,ghrsst,27.2648391723633,1992-03-01T00:00:00-06:00
SAC:Salina Cruz,m-nsst,ghrsst,28.5383319854736,1992-04-01T00:00:00-06:00
SAC:Salina Cruz,m-nsst,ghrsst,28.6516132354736,1992-05-01T00:00:00-06:00
SAC:Salina Cruz,m-nsst,ghrsst,29.3316688537598,1992-06-01T00:00:00-06:00
SAC:Salina Cruz,m-nsst,ghrsst,29.4845123291016,1992-07-01T00:00:00-06:00
SAC:Salina Cruz,m-nsst,ghrsst,29.291934967041,1992-08-01T00:00:00-06:00
SAC:Salina Cruz,m-nsst,ghrsst,29.0299968719482,1992-09-01T00:00:00-06:00
SAC:Salina Cruz,m-nsst,ghrsst,28.7535514831543,1992-10-01T00:00:00-06:00
SAC:Salina Cruz,m-nsst,ghrsst,27.6556663513184,1992-11-01T00:00:00-06:00
SAC:Salina Cruz,m-nsst,ghrsst,26.3867740631104,1992-12-01T00:00:00-06:00
SAC:Salina Cruz,m-nsst,ghrsst,26.069034576416,1993-01-01T00:00:00-06:00
SAC:Salina Cruz,m-nsst,ghrsst,25.9910678863525,1993-02-01T00:00:00-06:00
SAC:Salina Cruz,m-nsst,ghrsst,26.7287082672119,1993-03-01T00:00:00-06:00
SAC:Salina Cruz,m-nsst,ghrsst,27.2923336029053,1993-04-01T00:00:00-06:00
SAC:Salina Cruz,m-nsst,ghrsst,29.3241958618164,1993-05-01T00:00:00-06:00
SAC:Salina Cruz,m-nsst,ghrsst,29.5303325653076,1993-06-01T00:00:00-06:00
SAC:Salina Cruz,m-nsst,ghrsst,28.9464511871338,1993-07-01T00:00:00-06:00
SAC:Salina Cruz,m-nsst,ghrsst,29.3119354248047,1993-08-01T00:00:00-06:00
SAC:Salina Cruz,m-nsst,ghrsst,28.9763355255127,1993-09-01T00:00:00-06:00
SAC:Salina Cruz,m-nsst,ghrsst,28.2225799560547,1993-10-01T00:00:00-06:00
SAC:Salina Cruz,m-nsst,ghrsst,27.1926670074463,1993-11-01T00:00:00-06:00
SAC:Salina Cruz,m-nsst,ghrsst,26.3641967773438,1993-12-01T00:00:00-06:00
SAC:Salina Cruz,m-nsst,ghrsst,25.5196743011475,1994-01-01T00:00:00-06:00
SAC:Salina Cruz,m-nsst,ghrsst,26.168212890625,1994-02-01T00:00:00-06:00
SAC:Salina Cruz,m-nsst,ghrsst,26.2603225708008,1994-03-01T00:00:00-06:00
SAC:Salina Cruz,m-nsst,ghrsst,27.8316650390625,1994-04-01T00:00:00-06:00
SAC:Salina Cruz,m-nsst,ghrsst,29.1493549346924,1994-05-01T00:00:00-06:00
SAC:Salina Cruz,m-nsst,ghrsst,29.9119968414307,1994-06-01T00:00:00-06:00
SAC:Salina Cruz,m-nsst,ghrsst,29.9819355010986,1994-07-01T00:00:00-06:00
SAC:Salina Cruz,m-nsst,ghrsst,29.4193553924561,1994-08-01T00:00:00-06:00
SAC:Salina Cruz,m-nsst,ghrsst,29.1576671600342,1994-09-01T00:00:00-06:00
SAC:Salina Cruz,m-nsst,ghrsst,28.6667747497559,1994-10-01T00:00:00-06:00
SAC:Salina Cruz,m-nsst,ghrsst,27.8856678009033,1994-11-01T00:00:00-06:00
SAC:Salina Cruz,m-nsst,ghrsst,27.1300029754639,1994-12-01T00:00:00-06:00
SAC:Salina Cruz,m-nsst,ghrsst,26.6338710784912,1995-01-01T00:00:00-06:00
SAC:Salina Cruz,m-nsst,ghrsst,26.7432136535645,1995-02-01T00:00:00-06:00
SAC:Salina Cruz,m-nsst,ghrsst,26.9890289306641,1995-03-01T00:00:00-06:00
SAC:Salina Cruz,m-nsst,ghrsst,27.5650005340576,1995-04-01T00:00:00-06:00
SAC:Salina Cruz,m-nsst,ghrsst,29.1493549346924,1995-05-01T00:00:00-06:00
SAC:Salina Cruz,m-nsst,ghrsst,29.4496669769287,1995-06-01T00:00:00-06:00
SAC:Salina Cruz,m-nsst,ghrsst,29.4274215698242,1995-07-01T00:00:00-06:00
SAC:Salina Cruz,m-nsst,ghrsst,28.9474220275879,1995-08-01T00:00:00-06:00
SAC:Salina Cruz,m-nsst,ghrsst,29.1149978637695,1995-09-01T00:00:00-06:00
SAC:Salina Cruz,m-nsst,ghrsst,27.7393531799316,1995-10-01T00:00:00-06:00
SAC:Salina Cruz,m-nsst,ghrsst,27.4209976196289,1995-11-01T00:00:00-06:00
SAC:Salina Cruz,m-nsst,ghrsst,27.3412914276123,1995-12-01T00:00:00-06:00
SAC:Salina Cruz,m-nsst,ghrsst,25.94677734375,1996-01-01T00:00:00-06:00
SAC:Salina Cruz,m-nsst,ghrsst,26.1555156707764,1996-02-01T00:00:00-06:00
SAC:Salina Cruz,m-nsst,ghrsst,26.1645126342773,1996-03-01T00:00:00-06:00
SAC:Salina Cruz,m-nsst,ghrsst,26.9509983062744,1996-04-01T00:00:00-06:00
SAC:Salina Cruz,m-nsst,ghrsst,29.51806640625,1996-05-01T00:00:00-05:00
SAC:Salina Cruz,m-nsst,ghrsst,29.6939964294434,1996-06-01T00:00:00-05:00
SAC:Salina Cruz,m-nsst,ghrsst,29.1419353485107,1996-07-01T00:00:00-05:00
SAC:Salina Cruz,m-nsst,ghrsst,28.9551620483398,1996-08-01T00:00:00-05:00
SAC:Salina Cruz,m-nsst,ghrsst,29.0179996490479,1996-09-01T00:00:00-05:00
SAC:Salina Cruz,m-nsst,ghrsst,28.4080619812012,1996-10-01T00:00:00-05:00
SAC:Salina Cruz,m-nsst,ghrsst,27.6263313293457,1996-11-01T00:00:00-06:00
SAC:Salina Cruz,m-nsst,ghrsst,26.2793579101562,1996-12-01T00:00:00-06:00
SAC:Salina Cruz,m-nsst,ghrsst,25.8622570037842,1997-01-01T00:00:00-06:00
SAC:Salina Cruz,m-nsst,ghrsst,25.5067882537842,1997-02-01T00:00:00-06:00
SAC:Salina Cruz,m-nsst,ghrsst,27.0393562316895,1997-03-01T00:00:00-06:00
SAC:Salina Cruz,m-nsst,ghrsst,27.8466682434082,1997-04-01T00:00:00-06:00
SAC:Salina Cruz,m-nsst,ghrsst,28.7283878326416,1997-05-01T00:00:00-05:00
SAC:Salina Cruz,m-nsst,ghrsst,29.117000579834,1997-06-01T00:00:00-05:00
SAC:Salina Cruz,m-nsst,ghrsst,29.1374168395996,1997-07-01T00:00:00-05:00
SAC:Salina Cruz,m-nsst,ghrsst,29.5370979309082,1997-08-01T00:00:00-05:00
SAC:Salina Cruz,m-nsst,ghrsst,29.4289970397949,1997-09-01T00:00:00-05:00
SAC:Salina Cruz,m-nsst,ghrsst,28.1232242584229,1997-10-01T00:00:00-05:00
SAC:Salina Cruz,m-nsst,ghrsst,28.0546627044678,1997-11-01T00:00:00-06:00
SAC:Salina Cruz,m-nsst,ghrsst,28.0325794219971,1997-12-01T00:00:00-06:00
SAC:Salina Cruz,m-nsst,ghrsst,27.2196731567383,1998-01-01T00:00:00-06:00
SAC:Salina Cruz,m-nsst,ghrsst,27.186429977417,1998-02-01T00:00:00-06:00
SAC:Salina Cruz,m-nsst,ghrsst,27.3425807952881,1998-03-01T00:00:00-06:00
SAC:Salina Cruz,m-nsst,ghrsst,27.735668182373,1998-04-01T00:00:00-06:00
SAC:Salina Cruz,m-nsst,ghrsst,28.1854820251465,1998-05-01T00:00:00-05:00
SAC:Salina Cruz,m-nsst,ghrsst,29.0729999542236,1998-06-01T00:00:00-05:00
SAC:Salina Cruz,m-nsst,ghrsst,29.6241931915283,1998-07-01T00:00:00-05:00
SAC:Salina Cruz,m-nsst,ghrsst,29.5029067993164,1998-08-01T00:00:00-05:00
SAC:Salina Cruz,m-nsst,ghrsst,28.9779987335205,1998-09-01T00:00:00-05:00
SAC:Salina Cruz,m-nsst,ghrsst,28.4051647186279,1998-10-01T00:00:00-05:00
SAC:Salina Cruz,m-nsst,ghrsst,27.0266628265381,1998-11-01T00:00:00-06:00
SAC:Salina Cruz,m-nsst,ghrsst,25.7912921905518,1998-12-01T00:00:00-06:00
SAC:Salina Cruz,m-nsst,ghrsst,26.0561275482178,1999-01-01T00:00:00-06:00
SAC:Salina Cruz,m-nsst,ghrsst,26.4860744476318,1999-02-01T00:00:00-06:00
SAC:Salina Cruz,m-nsst,ghrsst,25.5506477355957,1999-03-01T00:00:00-06:00
SAC:Salina Cruz,m-nsst,ghrsst,27.4663333892822,1999-04-01T00:00:00-06:00
SAC:Salina Cruz,m-nsst,ghrsst,29.3661289215088,1999-05-01T00:00:00-05:00
SAC:Salina Cruz,m-nsst,ghrsst,29.588996887207,1999-06-01T00:00:00-05:00
SAC:Salina Cruz,m-nsst,ghrsst,29.226448059082,1999-07-01T00:00:00-05:00
SAC:Salina Cruz,m-nsst,ghrsst,29.4122581481934,1999-08-01T00:00:00-05:00
SAC:Salina Cruz,m-nsst,ghrsst,28.9183349609375,1999-09-01T00:00:00-05:00
SAC:Salina Cruz,m-nsst,ghrsst,27.4383869171143,1999-10-01T00:00:00-05:00
SAC:Salina Cruz,m-nsst,ghrsst,26.5036659240723,1999-11-01T00:00:00-06:00
SAC:Salina Cruz,m-nsst,ghrsst,25.4406471252441,1999-12-01T00:00:00-06:00
SAC:Salina Cruz,m-nsst,ghrsst,25.68967628479,2000-01-01T00:00:00-06:00
SAC:Salina Cruz,m-nsst,ghrsst,26.0906848907471,2000-02-01T00:00:00-06:00
SAC:Salina Cruz,m-nsst,ghrsst,26.9977416992188,2000-03-01T00:00:00-06:00
SAC:Salina Cruz,m-nsst,ghrsst,27.2726669311523,2000-04-01T00:00:00-06:00
SAC:Salina Cruz,m-nsst,ghrsst,28.8764533996582,2000-05-01T00:00:00-05:00
SAC:Salina Cruz,m-nsst,ghrsst,29.2216682434082,2000-06-01T00:00:00-05:00
SAC:Salina Cruz,m-nsst,ghrsst,29.3558025360107,2000-07-01T00:00:00-05:00
SAC:Salina Cruz,m-nsst,ghrsst,28.874195098877,2000-08-01T00:00:00-05:00
SAC:Salina Cruz,m-nsst,ghrsst,28.7263317108154,2000-09-01T00:00:00-05:00
SAC:Salina Cruz,m-nsst,ghrsst,28.4606475830078,2000-10-01T00:00:00-05:00
SAC:Salina Cruz,m-nsst,ghrsst,28.151330947876,2000-11-01T00:00:00-06:00
SAC:Salina Cruz,m-nsst,ghrsst,26.2261295318604,2000-12-01T00:00:00-06:00
SAC:Salina Cruz,m-nsst,ghrsst,25.6564502716064,2001-01-01T00:00:00-06:00
SAC:Salina Cruz,m-nsst,ghrsst,26.7221412658691,2001-02-01T00:00:00-06:00
SAC:Salina Cruz,m-nsst,ghrsst,26.5261287689209,2001-03-01T00:00:00-06:00
SAC:Salina Cruz,m-nsst,ghrsst,27.5146675109863,2001-04-01T00:00:00-06:00
SAC:Salina Cruz,m-nsst,ghrsst,27.9358062744141,2001-05-01T00:00:00-06:00
SAC:Salina Cruz,m-nsst,ghrsst,28.9733333587646,2001-06-01T00:00:00-05:00
SAC:Salina Cruz,m-nsst,ghrsst,29.177095413208,2001-07-01T00:00:00-05:00
SAC:Salina Cruz,m-nsst,ghrsst,29.2719306945801,2001-08-01T00:00:00-05:00
SAC:Salina Cruz,m-nsst,ghrsst,29.3926639556885,2001-09-01T00:00:00-05:00
SAC:Salina Cruz,m-nsst,ghrsst,28.4309711456299,2001-10-01T00:00:00-06:00
SAC:Salina Cruz,m-nsst,ghrsst,27.0929946899414,2001-11-01T00:00:00-06:00
SAC:Salina Cruz,m-nsst,ghrsst,25.9716129302979,2001-12-01T00:00:00-06:00
SAC:Salina Cruz,m-nsst,ghrsst,25.1970958709717,2002-01-01T00:00:00-06:00
SAC:Salina Cruz,m-nsst,ghrsst,24.7760734558105,2002-02-01T00:00:00-06:00
SAC:Salina Cruz,m-nsst,ghrsst,26.6409664154053,2002-03-01T00:00:00-06:00
SAC:Salina Cruz,m-nsst,ghrsst,27.8886623382568,2002-04-01T00:00:00-06:00
SAC:Salina Cruz,m-nsst,ghrsst,28.7809658050537,2002-05-01T00:00:00-05:00
SAC:Salina Cruz,m-nsst,ghrsst,29.2597007751465,2002-06-01T00:00:00-05:00
SAC:Salina Cruz,m-nsst,ghrsst,29.8090038299561,2002-07-01T00:00:00-05:00
SAC:Salina Cruz,m-nsst,ghrsst,29.9046478271484,2002-08-01T00:00:00-05:00
SAC:Salina Cruz,m-nsst,ghrsst,29.6688652038574,2002-09-01T00:00:00-05:00
SAC:Salina Cruz,m-nsst,ghrsst,29.3608684539795,2002-10-01T00:00:00-05:00
SAC:Salina Cruz,m-nsst,ghrsst,27.771167755127,2002-11-01T00:00:00-06:00
SAC:Salina Cruz,m-nsst,ghrsst,26.6389713287354,2002-12-01T00:00:00-06:00
SAC:Salina Cruz,m-nsst,ghrsst,24.4411945343018,2003-01-01T00:00:00-06:00
SAC:Salina Cruz,m-nsst,ghrsst,26.2728214263916,2003-02-01T00:00:00-06:00
SAC:Salina Cruz,m-nsst,ghrsst,27.4236793518066,2003-03-01T00:00:00-06:00
SAC:Salina Cruz,m-nsst,ghrsst,27.8983325958252,2003-04-01T00:00:00-06:00
SAC:Salina Cruz,m-nsst,ghrsst,29.758996963501,2003-05-01T00:00:00-05:00
SAC:Salina Cruz,m-nsst,ghrsst,29.4925327301025,2003-06-01T00:00:00-05:00
SAC:Salina Cruz,m-nsst,ghrsst,29.4465217590332,2003-07-01T00:00:00-05:00
SAC:Salina Cruz,m-nsst,ghrsst,29.6190662384033,2003-08-01T00:00:00-05:00
SAC:Salina Cruz,m-nsst,ghrsst,30.0409660339355,2003-09-01T00:00:00-05:00
SAC:Salina Cruz,m-nsst,ghrsst,28.5754508972168,2003-10-01T00:00:00-05:00
SAC:Salina Cruz,m-nsst,ghrsst,27.7127647399902,2003-11-01T00:00:00-06:00
SAC:Salina Cruz,m-nsst,ghrsst,24.8548755645752,2003-12-01T00:00:00-06:00
SAC:Salina Cruz,m-nsst,ghrsst,25.2957382202148,2004-01-01T00:00:00-06:00
SAC:Salina Cruz,m-nsst,ghrsst,25.7738647460938,2004-02-01T00:00:00-06:00
SAC:Salina Cruz,m-nsst,ghrsst,26.0439376831055,2004-03-01T00:00:00-06:00
SAC:Salina Cruz,m-nsst,ghrsst,27.8639965057373,2004-04-01T00:00:00-06:00
SAC:Salina Cruz,m-nsst,ghrsst,28.3288688659668,2004-05-01T00:00:00-05:00
SAC:Salina Cruz,m-nsst,ghrsst,29.5992298126221,2004-06-01T00:00:00-05:00
SAC:Salina Cruz,m-nsst,ghrsst,29.8021945953369,2004-07-01T00:00:00-05:00
SAC:Salina Cruz,m-nsst,ghrsst,30.0041313171387,2004-08-01T00:00:00-05:00
SAC:Salina Cruz,m-nsst,ghrsst,29.5610275268555,2004-09-01T00:00:00-05:00
SAC:Salina Cruz,m-nsst,ghrsst,29.6789016723633,2004-10-01T00:00:00-05:00
SAC:Salina Cruz,m-nsst,ghrsst,27.7809715270996,2004-11-01T00:00:00-06:00
SAC:Salina Cruz,m-nsst,ghrsst,26.5419960021973,2004-12-01T00:00:00-06:00
SAC:Salina Cruz,m-nsst,ghrsst,25.9844493865967,2005-01-01T00:00:00-06:00
SAC:Salina Cruz,m-nsst,ghrsst,25.8883972167969,2005-02-01T00:00:00-06:00
SAC:Salina Cruz,m-nsst,ghrsst,26.8005466461182,2005-03-01T00:00:00-06:00
SAC:Salina Cruz,m-nsst,ghrsst,27.2692317962646,2005-04-01T00:00:00-06:00
SAC:Salina Cruz,m-nsst,ghrsst,29.5423259735107,2005-05-01T00:00:00-05:00
SAC:Salina Cruz,m-nsst,ghrsst,30.2753009796143,2005-06-01T00:00:00-05:00
SAC:Salina Cruz,m-nsst,ghrsst,30.1496067047119,2005-07-01T00:00:00-05:00
SAC:Salina Cruz,m-nsst,ghrsst,29.8896522521973,2005-08-01T00:00:00-05:00
SAC:Salina Cruz,m-nsst,ghrsst,29.7422313690186,2005-09-01T00:00:00-05:00
SAC:Salina Cruz,m-nsst,ghrsst,28.2622890472412,2005-10-01T00:00:00-05:00
SAC:Salina Cruz,m-nsst,ghrsst,26.1655311584473,2005-11-01T00:00:00-06:00
SAC:Salina Cruz,m-nsst,ghrsst,26.2169704437256,2005-12-01T00:00:00-06:00
SAC:Salina Cruz,m-nsst,ghrsst,25.3681964874268,2006-01-01T00:00:00-06:00
SAC:Salina Cruz,m-nsst,ghrsst,25.7464275360107,2006-02-01T00:00:00-06:00
SAC:Salina Cruz,m-nsst,ghrsst,27.1194534301758,2006-03-01T00:00:00-06:00
SAC:Salina Cruz,m-nsst,ghrsst,27.3435668945312,2006-04-01T00:00:00-06:00
SAC:Salina Cruz,m-nsst,ghrsst,28.83522605896,2006-05-01T00:00:00-05:00
SAC:Salina Cruz,m-nsst,ghrsst,29.7100658416748,2006-06-01T00:00:00-05:00
SAC:Salina Cruz,m-nsst,ghrsst,29.7074203491211,2006-07-01T00:00:00-05:00
SAC:Salina Cruz,m-nsst,ghrsst,30.081901550293,2006-08-01T00:00:00-05:00
SAC:Salina Cruz,m-nsst,ghrsst,29.6678676605225,2006-09-01T00:00:00-05:00
SAC:Salina Cruz,m-nsst,ghrsst,29.3781890869141,2006-10-01T00:00:00-05:00
SAC:Salina Cruz,m-nsst,ghrsst,27.1504993438721,2006-11-01T00:00:00-06:00
SAC:Salina Cruz,m-nsst,ghrsst,26.8374462127686,2006-12-01T00:00:00-06:00
SAC:Salina Cruz,m-nsst,ghrsst,26.4432258605957,2007-01-01T00:00:00-06:00
SAC:Salina Cruz,m-nsst,ghrsst,26.6796092987061,2007-02-01T00:00:00-06:00
SAC:Salina Cruz,m-nsst,ghrsst,26.8160991668701,2007-03-01T00:00:00-06:00
SAC:Salina Cruz,m-nsst,ghrsst,27.8793354034424,2007-04-01T00:00:00-06:00
SAC:Salina Cruz,m-nsst,ghrsst,28.5522937774658,2007-05-01T00:00:00-05:00
SAC:Salina Cruz,m-nsst,ghrsst,29.1921710968018,2007-06-01T00:00:00-05:00
SAC:Salina Cruz,m-nsst,ghrsst,29.9421939849854,2007-07-01T00:00:00-05:00
SAC:Salina Cruz,m-nsst,ghrsst,29.7989692687988,2007-08-01T00:00:00-05:00
SAC:Salina Cruz,m-nsst,ghrsst,29.4179992675781,2007-09-01T00:00:00-05:00
SAC:Salina Cruz,m-nsst,ghrsst,28.4055500030518,2007-10-01T00:00:00-05:00
SAC:Salina Cruz,m-nsst,ghrsst,24.6747970581055,2007-11-01T00:00:00-06:00
SAC:Salina Cruz,m-nsst,ghrsst,26.7907772064209,2007-12-01T00:00:00-06:00
SAC:Salina Cruz,m-nsst,ghrsst,26.1458339691162,2008-01-01T00:00:00-06:00
SAC:Salina Cruz,m-nsst,ghrsst,27.0081405639648,2008-02-01T00:00:00-06:00
SAC:Salina Cruz,m-nsst,ghrsst,26.5792255401611,2008-03-01T00:00:00-06:00
SAC:Salina Cruz,m-nsst,ghrsst,28.1453037261963,2008-04-01T00:00:00-06:00
SAC:Salina Cruz,m-nsst,ghrsst,29.4908714294434,2008-05-01T00:00:00-05:00
SAC:Salina Cruz,m-nsst,ghrsst,28.7328681945801,2008-06-01T00:00:00-05:00
SAC:Salina Cruz,m-nsst,ghrsst,28.7560329437256,2008-07-01T00:00:00-05:00
SAC:Salina Cruz,m-nsst,ghrsst,29.7890300750732,2008-08-01T00:00:00-05:00
SAC:Salina Cruz,m-nsst,ghrsst,29.3199996948242,2008-09-01T00:00:00-05:00
SAC:Salina Cruz,m-nsst,ghrsst,26.5646457672119,2008-10-01T00:00:00-05:00
SAC:Salina Cruz,m-nsst,ghrsst,25.5384330749512,2008-11-01T00:00:00-06:00
SAC:Salina Cruz,m-nsst,ghrsst,26.5539054870605,2008-12-01T00:00:00-06:00
SAC:Salina Cruz,m-nsst,ghrsst,26.5737781524658,2009-01-01T00:00:00-06:00
SAC:Salina Cruz,m-nsst,ghrsst,25.3275394439697,2009-02-01T00:00:00-06:00
SAC:Salina Cruz,m-nsst,ghrsst,25.774543762207,2009-03-01T00:00:00-06:00
SAC:Salina Cruz,m-nsst,ghrsst,26.3785991668701,2009-04-01T00:00:00-06:00
SAC:Salina Cruz,m-nsst,ghrsst,29.3025856018066,2009-05-01T00:00:00-05:00
SAC:Salina Cruz,m-nsst,ghrsst,30.1645679473877,2009-06-01T00:00:00-05:00
SAC:Salina Cruz,m-nsst,ghrsst,29.9575481414795,2009-07-01T00:00:00-05:00
SAC:Salina Cruz,m-nsst,ghrsst,29.9620704650879,2009-08-01T00:00:00-05:00
SAC:Salina Cruz,m-nsst,ghrsst,30.1624717712402,2009-09-01T00:00:00-05:00
SAC:Salina Cruz,m-nsst,ghrsst,29.8424167633057,2009-10-01T00:00:00-05:00
SAC:Salina Cruz,m-nsst,ghrsst,28.220796585083,2009-11-01T00:00:00-06:00
SAC:Salina Cruz,m-nsst,ghrsst,27.1557140350342,2009-12-01T00:00:00-06:00
SAC:Salina Cruz,m-nsst,ghrsst,26.2974224090576,2010-01-01T00:00:00-06:00
SAC:Salina Cruz,m-nsst,ghrsst,26.0912475585938,2010-02-01T00:00:00-06:00
SAC:Salina Cruz,m-nsst,ghrsst,26.8493251800537,2010-03-01T00:00:00-06:00
SAC:Salina Cruz,m-nsst,ghrsst,28.7534713745117,2010-04-01T00:00:00-06:00
SAC:Salina Cruz,m-nsst,ghrsst,30.245325088501,2010-05-01T00:00:00-05:00
SAC:Salina Cruz,m-nsst,ghrsst,29.5799350738525,2010-06-01T00:00:00-05:00
SAC:Salina Cruz,m-nsst,ghrsst,29.3984222412109,2010-07-01T00:00:00-05:00
SAC:Salina Cruz,m-nsst,ghrsst,29.4684505462646,2010-08-01T00:00:00-05:00
SAC:Salina Cruz,m-nsst,ghrsst,28.7876663208008,2010-09-01T00:00:00-05:00
SAC:Salina Cruz,m-nsst,ghrsst,26.6466159820557,2010-10-01T00:00:00-05:00
SAC:Salina Cruz,m-nsst,ghrsst,26.8849658966064,2010-11-01T00:00:00-06:00
SAC:Salina Cruz,m-nsst,ghrsst,25.2537364959717,2010-12-01T00:00:00-06:00
SAC:Salina Cruz,m-nsst,ghrsst,26.175838470459,2011-01-01T00:00:00-06:00
SAC:Salina Cruz,m-nsst,ghrsst,26.109037399292,2011-02-01T00:00:00-06:00
SAC:Salina Cruz,m-nsst,ghrsst,26.029899597168,2011-03-01T00:00:00-06:00
SAC:Salina Cruz,m-nsst,ghrsst,29.295934677124,2011-04-01T00:00:00-06:00
SAC:Salina Cruz,m-nsst,ghrsst,29.669677734375,2011-05-01T00:00:00-05:00
SAC:Salina Cruz,m-nsst,ghrsst,30.2241706848145,2011-06-01T00:00:00-05:00
SAC:Salina Cruz,m-nsst,ghrsst,29.4160308837891,2011-07-01T00:00:00-05:00
SAC:Salina Cruz,m-nsst,ghrsst,30.1447792053223,2011-08-01T00:00:00-05:00
SAC:Salina Cruz,m-nsst,ghrsst,29.4048671722412,2011-09-01T00:00:00-05:00
SAC:Salina Cruz,m-nsst,ghrsst,27.6385154724121,2011-10-01T00:00:00-05:00
SAC:Salina Cruz,m-nsst,ghrsst,25.6671676635742,2011-11-01T00:00:00-06:00
SAC:Salina Cruz,m-nsst,ghrsst,25.9416790008545,2011-12-01T00:00:00-06:00
SAC:Salina Cruz,m-nsst,ghrsst,26.2201633453369,2012-01-01T00:00:00-06:00
SAC:Salina Cruz,m-nsst,ghrsst,26.422966003418,2012-02-01T00:00:00-06:00
SAC:Salina Cruz,m-nsst,ghrsst,26.9059677124023,2012-03-01T00:00:00-06:00
SAC:Salina Cruz,m-nsst,ghrsst,27.9916019439697,2012-04-01T00:00:00-06:00
SAC:Salina Cruz,m-nsst,ghrsst,29.5046787261963,2012-05-01T00:00:00-05:00
SAC:Salina Cruz,m-nsst,ghrsst,29.992301940918,2012-06-01T00:00:00-05:00
SAC:Salina Cruz,m-nsst,ghrsst,29.8155479431152,2012-07-01T00:00:00-05:00
SAC:Salina Cruz,m-nsst,ghrsst,29.7699012756348,2012-08-01T00:00:00-05:00
SAC:Salina Cruz,m-nsst,ghrsst,30.3075351715088,2012-09-01T00:00:00-05:00
SAC:Salina Cruz,m-nsst,ghrsst,29.370418548584,2012-10-01T00:00:00-05:00
SAC:Salina Cruz,m-nsst,ghrsst,26.3434276580811,2012-11-01T00:00:00-06:00
SAC:Salina Cruz,m-nsst,ghrsst,27.5290641784668,2012-12-01T00:00:00-06:00
SAC:Salina Cruz,m-nsst,ghrsst,26.7520008087158,2013-01-01T00:00:00-06:00
SAC:Salina Cruz,m-nsst,ghrsst,27.4082164764404,2013-02-01T00:00:00-06:00
SAC:Salina Cruz,m-nsst,ghrsst,26.5456466674805,2013-03-01T00:00:00-06:00
SAC:Salina Cruz,m-nsst,ghrsst,26.701135635376,2013-04-01T00:00:00-06:00
SAC:Salina Cruz,m-nsst,ghrsst,29.0406150817871,2013-05-01T00:00:00-05:00
SAC:Salina Cruz,m-nsst,ghrsst,29.5790328979492,2013-06-01T00:00:00-05:00
SAC:Salina Cruz,m-nsst,ghrsst,30.0001621246338,2013-07-01T00:00:00-05:00
SAC:Salina Cruz,m-nsst,ghrsst,29.8240337371826,2013-08-01T00:00:00-05:00
SAC:Salina Cruz,m-nsst,ghrsst,29.324800491333,2013-09-01T00:00:00-05:00
SAC:Salina Cruz,m-nsst,ghrsst,29.4568023681641,2013-10-01T00:00:00-05:00
SAC:Salina Cruz,m-nsst,ghrsst,28.8555660247803,2013-11-01T00:00:00-06:00
SAC:Salina Cruz,m-nsst,ghrsst,26.6966152191162,2013-12-01T00:00:00-06:00
SAC:Salina Cruz,m-nsst,ghrsst,25.183614730835,2014-01-01T00:00:00-06:00
SAC:Salina Cruz,m-nsst,ghrsst,26.7019634246826,2014-02-01T00:00:00-06:00
SAC:Salina Cruz,m-nsst,ghrsst,27.1207084655762,2014-03-01T00:00:00-06:00
SAC:Salina Cruz,m-nsst,ghrsst,27.7304000854492,2014-04-01T00:00:00-06:00
SAC:Salina Cruz,m-nsst,ghrsst,29.0350608825684,2014-05-01T00:00:00-05:00
SAC:Salina Cruz,m-nsst,ghrsst,30.040699005127,2014-06-01T00:00:00-05:00
SAC:Salina Cruz,m-nsst,ghrsst,29.9993267059326,2014-07-01T00:00:00-05:00
SAC:Salina Cruz,m-nsst,ghrsst,30.221549987793,2014-08-01T00:00:00-05:00
SAC:Salina Cruz,m-nsst,ghrsst,29.688268661499,2014-09-01T00:00:00-05:00
SAC:Salina Cruz,m-nsst,ghrsst,29.0474529266357,2014-10-01T00:00:00-05:00
SAC:Salina Cruz,m-nsst,ghrsst,27.6356315612793,2014-11-01T00:00:00-06:00
SAC:Salina Cruz,m-nsst,ghrsst,25.6517448425293,2014-12-01T00:00:00-06:00
SAC:Salina Cruz,m-nsst,ghrsst,25.6488418579102,2015-01-01T00:00:00-06:00
SAC:Salina Cruz,m-nsst,ghrsst,24.9773216247559,2015-02-01T00:00:00-06:00
SAC:Salina Cruz,m-nsst,ghrsst,26.5727424621582,2015-03-01T00:00:00-06:00
SAC:Salina Cruz,m-nsst,ghrsst,28.336332321167,2015-04-01T00:00:00-06:00
SAC:Salina Cruz,m-nsst,ghrsst,29.9386768341064,2015-05-01T00:00:00-05:00
SAC:Salina Cruz,m-nsst,ghrsst,29.7097339630127,2015-06-01T00:00:00-05:00
SAC:Salina Cruz,m-nsst,ghrsst,30.1220626831055,2015-07-01T00:00:00-05:00
SAC:Salina Cruz,m-nsst,ghrsst,30.6110649108887,2015-08-01T00:00:00-05:00
SAC:Salina Cruz,m-nsst,ghrsst,30.2668342590332,2015-09-01T00:00:00-05:00
SAC:Salina Cruz,m-nsst,ghrsst,29.6198062896729,2015-10-01T00:00:00-05:00
SAC:Salina Cruz,m-nsst,ghrsst,29.3393001556396,2015-11-01T00:00:00-06:00
SAC:Salina Cruz,m-nsst,ghrsst,28.4210643768311,2015-12-01T00:00:00-06:00
SAC:Salina Cruz,m-nsst,ghrsst,27.4528026580811,2016-01-01T00:00:00-06:00
SAC:Salina Cruz,m-nsst,ghrsst,26.2583770751953,2016-02-01T00:00:00-06:00
SAC:Salina Cruz,m-nsst,ghrsst,27.4494190216064,2016-03-01T00:00:00-06:00
SAC:Salina Cruz,m-nsst,ghrsst,28.4700965881348,2016-04-01T00:00:00-06:00
SAC:Salina Cruz,m-nsst,ghrsst,29.5841903686523,2016-05-01T00:00:00-05:00
SAC:Salina Cruz,m-nsst,ghrsst,30.0204982757568,2016-06-01T00:00:00-05:00
SAC:Salina Cruz,m-nsst,ghrsst,29.923095703125,2016-07-01T00:00:00-05:00
SAC:Salina Cruz,m-nsst,ghrsst,30.0801601409912,2016-08-01T00:00:00-05:00
SAC:Salina Cruz,m-nsst,ghrsst,29.7723979949951,2016-09-01T00:00:00-05:00
SAC:Salina Cruz,m-nsst,ghrsst,29.1440944671631,2016-10-01T00:00:00-05:00
SAC:Salina Cruz,m-nsst,ghrsst,27.5943012237549,2016-11-01T00:00:00-06:00
SAC:Salina Cruz,m-nsst,ghrsst,27.4564552307129,2016-12-01T00:00:00-06:00
SAC:Salina Cruz,m-nsst,ghrsst,27.1538372039795,2017-01-01T00:00:00-06:00
SAC:Salina Cruz,m-nsst,ghrsst,26.4161071777344,2017-02-01T00:00:00-06:00
SAC:Salina Cruz,m-nsst,ghrsst,25.9822254180908,2017-03-01T00:00:00-06:00
SAC:Salina Cruz,m-nsst,ghrsst,27.7129306793213,2017-04-01T00:00:00-06:00
SAC:Salina Cruz,m-nsst,ghrsst,29.4461994171143,2017-05-01T00:00:00-05:00
SAC:Salina Cruz,m-nsst,ghrsst,29.9888973236084,2017-06-01T00:00:00-05:00
SAC:Salina Cruz,m-nsst,ghrsst,29.9667110443115,2017-07-01T00:00:00-05:00
SAC:Salina Cruz,m-nsst,ghrsst,30.2343311309814,2017-08-01T00:00:00-05:00
SAC:Salina Cruz,m-nsst,ghrsst,30.5464687347412,2017-09-01T00:00:00-05:00
SAC:Salina Cruz,m-nsst,ghrsst,28.826997756958,2017-10-01T00:00:00-05:00
SAC:Salina Cruz,m-nsst,ghrsst,26.5547924041748,2017-11-01T00:00:00-06:00
SAC:Salina Cruz,m-nsst,ghrsst,25.1120681762695,2017-12-01T00:00:00-06:00
SAC:Salina Cruz,m-nsst,ghrsst,24.0178375244141,2018-01-01T00:00:00-06:00
SAC:Salina Cruz,m-nsst,ghrsst,26.1895332336426,2018-02-01T00:00:00-06:00
SAC:Salina Cruz,m-nsst,ghrsst,27.3201942443848,2018-03-01T00:00:00-06:00
SAC:Salina Cruz,m-nsst,ghrsst,27.0797996520996,2018-04-01T00:00:00-06:00
SAC:Salina Cruz,m-nsst,ghrsst,29.6498985290527,2018-05-01T00:00:00-05:00
SAC:Salina Cruz,m-nsst,ghrsst,30.3424682617188,2018-06-01T00:00:00-05:00
SAC:Salina Cruz,m-nsst,ghrsst,31.0419921875,2018-06-01T00:00:00-05:00
SAC:Salina Cruz,m-nsst,ghrsst,29.6523551940918,2018-07-01T00:00:00-05:00
SAC:Salina Cruz,m-nsst,ghrsst,29.8939361572266,2018-08-01T00:00:00-05:00
SAC:Salina Cruz,m-nsst,ghrsst,30.1107349395752,2018-09-01T00:00:00-05:00
SAC:Salina Cruz,m-nsst,ghrsst,29.1595420837402,2018-10-01T00:00:00-05:00
SAC:Salina Cruz,m-nsst,ghrsst,27.7822322845459,2018-11-01T00:00:00-06:00
SAC:Salina Cruz,m-nsst,ghrsst,27.2663898468018,2018-12-01T00:00:00-06:00
